firstname;lastname;contact;passport;email
Maximilian;Howell;9551083462;681269541;g2orgiya@upol.fun
Braelyn;Meadows;3957770716;621048886;1slater58@childwork.biz
Karena;Mcpherson;5250632132;901699024;go2rgiya@upol.fun
Kai;Ross;5533612410;394570369;slater358@childwork.biz
Rufus;Petersen;8614590589;332431594;sla23ter58@childwork.biz
Alanis;Gomez;6752774292;489417896;sl33ater58@childwork.biz
Karyn;Matthews;7194134145;968611357;slat6er58@childwork.biz
Daisy;Fleming;1824486960;872691866;slat7er58@childwork.biz
Legacy;Novak;3551372367;350786220;slater32158@childwork.biz
Bridger;Mccall;3465571685;683418226;slater528@childwork.biz
Nadia;Holder;8668040118;935122522;slater3358@childwork.biz
Kean;Bowman;8222905813;841745514;slar58@childwork.biz
Trix;Dorsey;6736291998;179819024;slat20er58@childwork.biz
Ellie;Oconnor;8570410937;750471699;slat11er58@childwork.biz
Ayla;Norman;731723719;258196712;gorg1iya@upol.fun
Elfrida;Ferrell;8076415334;592816011;slater53218@childwork.biz
Lindsey;Cohen;8482385784;449687949;slater22258@childwork.biz
Korbin;Buck;6379802480;895483734;slate88r58@childwork.biz
Sherrie;Bean;8402986807;249039191;slatsser58@childwork.biz
Mina;Padilla;6053458699;785568563;slateddr58@childwork.biz